{"val/loss": 3.6619884967803955, "val/loss_timewise": 4.371869087219238, "val/mae": 1.1490192413330078, "epoch": 50, "trainer/global_step": 50, "_timestamp": 1721288321.7517855, "_runtime": 91.65556454658508, "_step": 100, "train/loss": 2.319439172744751, "train/loss_timewise": 4.157041549682617, "train/mae": 1.1709882020950317, "test/mae_overall": 2.066042423248291, "_wandb": {"runtime": 89}}