{"val/loss": 10.293636322021484, "val/loss_timewise": 4.64479398727417, "val/mae": 3.025506019592285, "epoch": 50, "trainer/global_step": 50, "_timestamp": 1721288608.832443, "_runtime": 89.03384709358215, "_step": 100, "train/loss": 5.68829870223999, "train/loss_timewise": 6.996920108795166, "train/mae": 2.0276386737823486, "test/mae_overall": 2.5624101161956787, "_wandb": {"runtime": 87}}