{"val/loss": 4.144774913787842, "val/loss_timewise": 7.116240978240967, "val/mae": 1.1766080856323242, "epoch": 5, "trainer/global_step": 5, "_timestamp": 1721288186.081663, "_runtime": 13.216351985931396, "_step": 10, "train/loss": 9.850865364074707, "train/loss_timewise": 4.4969587326049805, "train/mae": 2.8571176528930664, "test/mae_overall": 1.789106845855713, "_wandb": {"runtime": 10}}