{"val/loss": 9.753772735595703, "val/loss_timewise": 9.253242492675781, "val/mae": 2.6685712337493896, "epoch": 50, "trainer/global_step": 50, "_timestamp": 1721288513.639837, "_runtime": 86.87146306037903, "_step": 100, "train/loss": 4.347739219665527, "train/loss_timewise": 4.939642429351807, "train/mae": 1.157681941986084, "test/mae_overall": 1.627955675125122, "_wandb": {"runtime": 85}}