{"val/loss": 12.269558906555176, "val/loss_timewise": 13.87969970703125, "val/mae": 2.262699604034424, "epoch": 50, "trainer/global_step": 50, "_timestamp": 1721288420.6124244, "_runtime": 89.30924248695374, "_step": 100, "train/loss": 1.8175150156021118, "train/loss_timewise": 2.5005762577056885, "train/mae": 0.9698126316070557, "test/mae_overall": 2.8179006576538086, "_wandb": {"runtime": 86}}