{"val/loss": 8.396880149841309, "val/loss_timewise": 8.615848541259766, "val/mae": 2.3192138671875, "epoch": 6, "trainer/global_step": 6, "_timestamp": 1721288222.0650856, "_runtime": 14.174476623535156, "_step": 12, "train/loss": 5.241472244262695, "train/loss_timewise": 4.401400566101074, "train/mae": 1.9906460046768188, "test/mae_overall": 3.089566707611084, "_wandb": {"runtime": 11}}