{"val/loss": 6.585562229156494, "val/loss_timewise": 4.721441745758057, "val/mae": 1.3509317636489868, "epoch": 31, "trainer/global_step": 31, "_timestamp": 1721288125.5779192, "_runtime": 66.49456024169922, "_step": 62, "train/loss": 1.9599547386169434, "train/loss_timewise": 4.245218753814697, "train/mae": 0.987034022808075, "test/mae_overall": 2.5948524475097656, "_wandb": {"runtime": 65}}