{"val/loss": 2.8880631923675537, "val/loss_timewise": 13.791950225830078, "val/mae": 1.4559601545333862, "epoch": 4, "trainer/global_step": 4, "_timestamp": 1721288629.36567, "_runtime": 12.504251956939697, "_step": 8, "train/loss": 10.341094017028809, "train/loss_timewise": 34.3297004699707, "train/mae": 2.37626051902771, "test/mae_overall": 4.393608570098877, "_wandb": {"runtime": 9}}