{"val/loss": 34.45235061645508, "val/loss_timewise": 37.88365936279297, "val/mae": 5.207511901855469, "epoch": 10, "trainer/global_step": 10, "_timestamp": 1721288158.1035771, "_runtime": 22.150158166885376, "_step": 20, "train/loss": 11.73159408569336, "train/loss_timewise": 13.263538360595703, "train/mae": 3.126167058944702, "test/mae_overall": 4.830841064453125, "_wandb": {"runtime": 19}}